distance,rounds,p_cnot,circuit_type,decoder,circuit_distance,n_shots,shots_used,errors,error_rate,ci_low,ci_high,decode_time
3,3,0.001,optimized_parallel,tesseract,2,10000000,32904,423,0.012855579868708972,0.011666340370840475,0.014131925908364,4.411561012268066
3,3,0.001,tri_optimal,tesseract,2,10000000,31880,436,0.013676286072772898,0.012430143561424061,0.015012160372901021,3.365870952606201
3,3,0.001,midout,tesseract,2,10000000,25736,499,0.019389182468138016,0.017739554449790886,0.02114854836689172,2.4526419639587402
3,3,0.001,superdense,tesseract,3,10000000,73864,344,0.004657207841438319,0.004178981013081102,0.005174957831982143,7.559484243392944
7,7,0.001,optimized_parallel,tesseract,6,10000000,545938,302,0.0005531763680124849,0.0004925544305848554,0.0006191962810581313,10934.911612987518
7,7,0.001,tri_optimal,tesseract,4,10000000,337251,304,0.0009014057778924302,0.0008029526434142391,0.0010085904739050894,2980.984185218811
7,7,0.001,midout,tesseract,4,10000000,338808,368,0.0010861608934853958,0.0009780605344989809,0.001202934648424559,230.7651400566101
7,7,0.001,superdense,tesseract,7,10000000,2410087,300,0.000124476834238764,0.0001107889662880233,0.0001393885866311764,126363.36805987358
