distance,rounds,p_cnot,circuit_type,decoder,circuit_distance,n_shots,shots_used,errors,error_rate,ci_low,ci_high,decode_time
3,3,0.005,optimized_parallel,tesseract,2,10000000,22664,471,0.020781856689022236,0.018964237200532235,0.02272378196281251,3.5662269592285156
3,3,0.005,tri_optimal,tesseract,2,10000000,28672,454,0.015834263392857144,0.014421097162428159,0.01734672812981209,3.3545329570770264
3,3,0.005,midout,tesseract,2,10000000,21640,533,0.024630314232902035,0.022606168217254113,0.026783487366593226,2.519049882888794
3,3,0.005,superdense,tesseract,3,10000000,39816,348,0.008740204942736588,0.00784934745278769,0.009703772825715835,7.267363786697388
5,5,0.005,optimized_parallel,tesseract,4,10000000,54074,375,0.0069349410067685024,0.006252802453296282,0.007670779691072311,246.10412073135376
5,5,0.005,tri_optimal,tesseract,3,10000000,36344,327,0.00899735857362976,0.008052202531649837,0.010022173677282278,74.99511885643005
5,5,0.005,midout,tesseract,3,10000000,24872,348,0.013991637182373754,0.012568821364981067,0.01552960907634466,14.472718238830566
