distance,rounds,p_cnot,circuit_type,decoder,circuit_distance,n_shots,shots_used,errors,error_rate,ci_low,ci_high,decode_time
3,3,0.002,optimized_parallel,tesseract,2,10000000,11400,467,0.04096491228070175,0.03740024799905522,0.04476633571778077,6.192546844482422
3,3,0.002,tri_optimal,tesseract,2,10000000,14984,629,0.041978109983982916,0.03882300876822612,0.04531256294797744,5.955830097198486
3,3,0.002,midout,tesseract,2,10000000,17544,673,0.038360693114455086,0.035566887832305175,0.04130881853401448,5.198930978775024
